<soapenv:Envelope xmlns:soapenv="http://schemas.xmlsoap.org/soap/envelope/">
   <soapenv:Body>
      <ns:processRequestResponse xmlns:ns="http://inquiry.wrapper.ext.xface.fc.ofss.com">
         <ns:return xsi:type="ax23:XfaceCustomerAssetInquiryResponseDTO" xmlns:ax29="http://transaction.entity.fc.ofss.com/xsd" xmlns:ax25="http://error.validation.infra.fc.ofss.com/xsd" xmlns:ax210="http://exception.infra.fc.ofss.com/xsd" xmlns:ax211="http://enumeration.infra.fc.ofss.com/xsd" xmlns:ax23="http://dto.ext.xface.fc.ofss.com/xsd" xmlns:ax24="http://common.dto.xface.fc.ofss.com/xsd" xmlns:ax21="http://context.app.fc.ofss.com/xsd" xmlns:ax216="http://dto.customer.app.fc.ofss.com/xsd" xmlns:xsi="http://www.w3.org/2001/XMLSchema-instance">
            <ax24:postingDate>20130131</ax24:postingDate>
            <ax24:transactionStatus xsi:nil="true"/>
            <ax23:customerAssetLiabilityDTOArray xsi:type="ax216:CustomerAssetLiabilityDTO">
               <ax216:currencyCode>1.0</ax216:currencyCode>
               <ax216:customerAsset>0</ax216:customerAsset>
               <ax216:customerLiability>20000</ax216:customerLiability>
               <ax216:productCode>301</ax216:productCode>
               <ax216:productName>FIXED DEPOSIT - RESIDENT</ax216:productName>
            </ax23:customerAssetLiabilityDTOArray>
            <ax23:customerAssetLiabilityDTOArray xsi:type="ax216:CustomerAssetLiabilityDTO">
               <ax216:currencyCode>1.0</ax216:currencyCode>
               <ax216:customerAsset>0</ax216:customerAsset>
               <ax216:customerLiability>12691.38</ax216:customerLiability>
               <ax216:productCode>1</ax216:productCode>
               <ax216:productName>CASA Product 1 - Liability</ax216:productName>
            </ax23:customerAssetLiabilityDTOArray>
            <ax23:netAsset>0</ax23:netAsset>
            <ax23:netLiability>0</ax23:netLiability>
         </ns:return>
      </ns:processRequestResponse>
   </soapenv:Body>
</soapenv:Envelope>