<soapenv:Envelope xmlns:soapenv="http://schemas.xmlsoap.org/soap/envelope/" xmlns:inq="http://inquiry.wrapper.ext.xface.fc.ofss.com" xmlns:xsd="http://context.app.fc.ofss.com/xsd" xmlns:xsd1="http://common.dto.xface.fc.ofss.com/xsd" xmlns:xsd2="http://error.validation.infra.fc.ofss.com/xsd" xmlns:xsd3="http://dto.ext.xface.fc.ofss.com/xsd">
    <soapenv:Header/>
   <soapenv:Body>
      <inq:processRequest>
         <!--Optional:-->
         <inq:param1>
            <xsd:bankCode>240</xsd:bankCode>
            <xsd:brnPostingDateText>20130131</xsd:brnPostingDateText>
            <xsd:channel>FOS</xsd:channel>
            <xsd:externalReferenceNo>484917894532</xsd:externalReferenceNo>
            <xsd:overridenWarnings/>
            <xsd:postingDateText>20130131</xsd:postingDateText>
            <xsd:reason>
               <xsd:comment/>
               <xsd:reasonCode>0</xsd:reasonCode>
            </xsd:reason>
            <xsd:serviceCode>405</xsd:serviceCode>
            <xsd:sessionTicket/>
            <xsd:supervisorContext>
               <xsd:primaryPassword/>
               <xsd:userId/>
            </xsd:supervisorContext>
            <xsd:transactionBranch>9999</xsd:transactionBranch>
            <xsd:userId>SYSTELLER</xsd:userId>
            <xsd:userReferenceNumber/>
            <!--xsd:valueDateText>20130131</xsd:valueDateText-->
         </inq:param1>
         <!--Optional:-->
         <inq:param2>
            <xsd3:customerID>605481</xsd3:customerID>
            <xsd3:LCYCode>1</xsd3:LCYCode>
         </inq:param2>
      </inq:processRequest>
   </soapenv:Body>
</soapenv:Envelope>